Entry,User,EntryDates,EntryLinks
gaziemiri hafif sallamış depremdir. edit: 4.8 ege denizi,turkeytoeu,17.06.2017 06:42 ~ 06:49,https://eksisozluk.com/entry/68891646
"dikili'^yi fena sallamış deprem ama kısa sürdü. 4.5 civarı olabilir. gece köpekler hiç susmadı ,zaten bir şeyler olacağı belliydi. edit: köpekler doğası gereği havlıyormuş. cinsi gereği haftada* 1 kere ancak havlayan köpeğim gece boyunca susmadı. acaba gece bu depremden önce olan ve bizim hissetmediğimiz depremleri hissetmiş olabilir mi bay çok bilmiş?",green2005,17.06.2017 06:43 ~ 07:19,https://eksisozluk.com/entry/68891653
4.8 şiddetinde olan depremdir.,sud,17.06.2017 06:45,https://eksisozluk.com/entry/68891661
alıştık artık resmen uyanıp eşimle şiddeti konusunda tahminlerimizi yapıp tekrar yatıyoruz.en yakın tahmini yapan kazanıyor.kaybeden kahvaltıyı hazırlıyor.,ismaill,17.06.2017 06:50,https://eksisozluk.com/entry/68891688
uykumu bölmüştür. ama çok şiddetli değildi.,turkiyeden bikan pilot,17.06.2017 06:50,https://eksisozluk.com/entry/68891692
abim yengem yeğenim orada..onlar izmirde ben trabzonda sallanıyorum..fay hattımiz biraz uzunda,kalaska,17.06.2017 06:54,https://eksisozluk.com/entry/68891711
sarsarak uyandırmıştır. geçen seferki salıncak gibi sallarken bu titretme şeklinde sarstı. 2si de ege denizi merkezliyken bu fark neden acaba?,dedimyala,17.06.2017 06:58,https://eksisozluk.com/entry/68891728
"bildiğim kadarıyla köpeklerin bu depremi geceden haber vermesi olasılık dışıdır, insanların neticesinden sallamalarına hastayım. depremin, bizim hissedebileceğimiz kadar düşük frekansa çıkmasından saniyeler öncesinde yayılan, bizim hissedemeyeceğimiz ama köpeklerin hissedebileceği çok yüksek frekanslı titreşimlere tepki verdikleri zaman depremi hissetmiş oluyorlar. köpek havlayınca deprem olacak demekten vazgeçin, saniyeler içinde olmuyorsa zaten o köpek deprem hissetmemiştir, köpek doğası gereği havlıyordur sadece. uçan kuştan nem kapar oldu insanlar yine.",hashus 1099,17.06.2017 07:02,https://eksisozluk.com/entry/68891739
hissettiğim deprem. sadece yatak biraz sallandı,ernesto sparrow,17.06.2017 07:04,https://eksisozluk.com/entry/68891750
"piskopat bir insan olarak gece uykumda ayağımı salladığım için genelde minik depremlere ben salladım heralde diye tepki veriyorum. ama bu seferki şiddetliydi suçu üstüme alamazdım, ben sallamadım diyiverdim. neticede buca'da da iyi salladı.",purepain,17.06.2017 07:09,https://eksisozluk.com/entry/68891768
çanakkale'de okuyan bir öğrenci olarak ege'ye neler oluyor dediğim deprem. rasathanenin sitesinde resmen başka coğrafi bölgeler yok gibi bu aralar. daha şiddetlilerinin habercisi olmasından korkuyorum açıkçası.,babasini bakkala gonderen cocuk,17.06.2017 07:16,https://eksisozluk.com/entry/68891789
dalaman'da hissedilmemiştir.,seviyorsevmiyorseviyorsevmiyorseviyor,17.06.2017 07:35,https://eksisozluk.com/entry/68891844
7.4'ü yaşamış biri olarak böyle ufak sallantılar ile bitecekse böyle bitmesini dilediğim sallantılardır. televizyonda bir profesör abimiz bu tür sallantıların enerjiyi attığını ve büyük deprem riskinde uzaklaşıldığını söylemişti. gundelikyasaminhickiriklari nickli arkadaşıda şehre sokmazsanız sıkıntı kalmayacak gibi görünüyor.,teknolojik,17.06.2017 10:39,https://eksisozluk.com/entry/68893076
yeniden oldu.,enchantress,17.06.2017 22:34,https://eksisozluk.com/entry/68904123
hafiften salladı. artık depremlerin büyüklüğünü tahmin etme yarışması yapıyoruz evde. edit: şimdi yine oldu. en az 5.7,piflo,17.06.2017 22:35 ~ 22:52,https://eksisozluk.com/entry/68904145
demin yine hissettirendir. biktim yemin ediyorum gina geldi.,white vinegar,17.06.2017 22:35,https://eksisozluk.com/entry/68904149
4.2 şiddetinde sallamış olan depremdir.,depremoldudiyeyazmakicingeldim,17.06.2017 22:37,https://eksisozluk.com/entry/68904193
sabahkini duymadım ama akşamki hissettirdi.,ters1adam,17.06.2017 22:38,https://eksisozluk.com/entry/68904202
az önce hafiften yine sallandık. artçılar sürüyor.,v4vendetta,17.06.2017 22:38,https://eksisozluk.com/entry/68904204
"sıklığı o kadar arttı ki artık tek başlık yetiyor. sabah kalkarken ve akşam yatarken günde iki öğün. allah sonumuzu hayır etsin. edit: derken 3. oldu. moderasyon buna el atsın, 1., 2., 3. depremi diye saatlere göre ayırsın. böyle karışıyor.",victor von doom,17.06.2017 22:39 ~ 23:00,https://eksisozluk.com/entry/68904218
yeter artik dedirten. kalbim duracak artik.,gokkusagindaki ruh,17.06.2017 22:41,https://eksisozluk.com/entry/68904266
yine oldu yine yatağım sallandı lan?,ernesto sparrow,17.06.2017 22:43,https://eksisozluk.com/entry/68904293
"5. katta oturuyorum artik yatakta saykoya bagladim, kandilli gibiyim siddetine kadar hissediyorum",deort,17.06.2017 22:43,https://eksisozluk.com/entry/68904297
"alsancakta zaten sürekli sallandigim için hissetmediğim deprem oldu. ikinci deprem şiddetli olduğu için bayağı bir korkuttu. mekanda otururken dışarı çıkmak zorunda kaldık. bir an zeminin kayacağını zannettim, başim döndü depremin şiddetinden.",panadora,17.06.2017 22:44 ~ 22:58,https://eksisozluk.com/entry/68904326
depremlerin siklasmasi buyuk bir depremin oncusu mu yoksa denildigi gibi enerji bosalmasi mi uzmanlardan cevabini bekledigim depremdir. tanim: iyi sallayan depremdir.,katyusha,17.06.2017 22:48,https://eksisozluk.com/entry/68904410
çok sağlam salladı. 1 dakika hatta daha fazla sürmüş deprem. tahminim 5.,green2005,17.06.2017 22:50 ~ 22:55,https://eksisozluk.com/entry/68904455
allahım az önceki neydi öyle dolap adım attı laan,ernesto sparrow,17.06.2017 22:50,https://eksisozluk.com/entry/68904457
az önce yine sallayan depremdir. bu sefer sıkıydı hem de.,kamajikaciya,17.06.2017 22:51,https://eksisozluk.com/entry/68904459
"tam şu an sallanıyoruz, durmuyor lan!! edit: bu ne yaa aynı başlığın vol1, vol2, vol3'ü çıkar mı? artık 17 haziran 2017 saat 22:50 izmir depremi formatı öneriyorum.",sonnenuntergang,17.06.2017 22:51 ~ 22:54,https://eksisozluk.com/entry/68904464
bu seferki fenaydı,thebishop,17.06.2017 22:51,https://eksisozluk.com/entry/68904466
şuan yine sallanıyoruz. hakkımızda hayırlısı.,v4vendetta,17.06.2017 22:51,https://eksisozluk.com/entry/68904472
"şimdi sallamıştır. hissedildi ama şiddetli değildi. eskiden ben içerdim dünya dönerdi şimdi ben içmiyorum şehir sallıyor. :/ edit: başlık başa kalmış, nisan değil haziran olacak elbette. edit: an itibariyle hafiften yine salladı sanırım.",romantik kedi,17.06.2017 22:51 ~ 18.06.2017 03:37,https://eksisozluk.com/entry/68904473
yine yeni yeniden sallamıştır sabahki titremeden farklı olarak 6.3'ün kısa versiyonu az önce oldu. edit : 5.3,dedimyala,17.06.2017 22:51 ~ 23:02,https://eksisozluk.com/entry/68904477
durduramıyoruz efenim. sürekli sallıyor. edit: 22.50 sularında gerçekleşen sarsıntıyı götmografım 4.7 olarak ölçtü. edit2: 5.5 büyüklüğünde ölçülmüş. demek ki göte çok da güvenmemek gerekiyormuş.,umberto pelizzari,17.06.2017 22:52 ~ 23:01,https://eksisozluk.com/entry/68904487
az önce oldu .baya uzun sürdü.bilgisayar başındayken sallandık,munc,17.06.2017 22:52,https://eksisozluk.com/entry/68904488
1 dakika önce tekrar deprem oldu. 18 haziranda olsaydı başlığı açacaktım.,atsutota,17.06.2017 22:52 ~ 22:53,https://eksisozluk.com/entry/68904490
sağlam salladı 6-7 arası,epack,17.06.2017 22:52,https://eksisozluk.com/entry/68904491
"5.3 şiddetinde olmuştur. koca apartmanda bizden başka dışarı çıkan olmadı. memurlarla aynı apartmanda yaşarsan olacağı bu. adamların bir hafta sonu var zaten, katrina kasırgası da olsa evde televizyon izlerler.",onurdemir,17.06.2017 22:52 ~ 18.06.2017 02:26,https://eksisozluk.com/entry/68904495
"öncesinde küçüğü olan, an itibariyle 22:50'de biraz hissettirren deprem.",oylesinebakanbiriyim,17.06.2017 22:52,https://eksisozluk.com/entry/68904505
şarköy tekirdağdan hissedilen depremdir. yuh,tulpen en molens,17.06.2017 22:52,https://eksisozluk.com/entry/68904511
an itibariyle bir kere daha olmuştur. iyi salladı yalnız,avagiderkenhavlanankopek,17.06.2017 22:52,https://eksisozluk.com/entry/68904524
şuan yine oluyor. yeter ulan yeter.. git biraz da başka bir yerde meydana gel sallanmaktan gına geldi artık. işin kötü yanı o kadar alıştık ki ev yıkacak deprem meydana gelirse götümü devirip yatmaktan korkuyorum.,percykaan,17.06.2017 22:52,https://eksisozluk.com/entry/68904525
az önce yine daha belirgin salladı. ilginç olan tam eniştemin sabahki depremi hissedip hissetmediğimi sorduğu anda oldu. bıktım amk! izmir/çiğli,koca kure,17.06.2017 22:53 ~ 22:55,https://eksisozluk.com/entry/68904532
ananı avradını yök böyle bir sey zemin kattta gittim geldim. edit:5.5 kaynak kandilli,turkiyeden bikan pilot,17.06.2017 22:53 ~ 22:58,https://eksisozluk.com/entry/68904543
güzel sallamıştır. 2-3 saniye sürdü.,false pretension,17.06.2017 22:53,https://eksisozluk.com/entry/68904548
iyiden iyiye korkutan deprem. ne olacak bu işin sonu? buca fena sallandı.,dendi gidemin gari,17.06.2017 22:53,https://eksisozluk.com/entry/68904549
"an itibariyle bornova'da ""ne oluyoruz laaağğğnnn?!"" tepkisi vermemize neden olan depremdir. ev ahalisi olarak imana geldiğimizi belirtmek isterim.",dahianlamindakideayriyazilir,17.06.2017 22:53,https://eksisozluk.com/entry/68904553
az önceki azıcık sallayanı hissettim ve o 4.1'se bu 5'in üstündedir. edit: 5.5,sutsuz kahve,17.06.2017 22:53 ~ 22:55,https://eksisozluk.com/entry/68904554
ya amk ilk başlığı açacağım diye saçmalıyorsunuz artık.,nutellali balik ekmek,17.06.2017 22:53,https://eksisozluk.com/entry/68904558
biraz önce alaçatı'yı sallamıştır.,sokarto,17.06.2017 22:53,https://eksisozluk.com/entry/68904563
yine deprem oldu.,mdgg,17.06.2017 22:54,https://eksisozluk.com/entry/68904572
"kusadasini fena sallamistir,ikincisi uzun sürdü baya baya tirstik yani.",bs axungur,17.06.2017 22:54,https://eksisozluk.com/entry/68904574
yine sallandık amına koyim. upuzun sürdü. hala sallanıyor hafif hafif. paranoyak mı oldum nedir?,dur arkandan su dokeyim,17.06.2017 22:54,https://eksisozluk.com/entry/68904577
kuşadası'nda iyi sallamış olan depremdir. saat 23.50 suları..,imalatiharbiye,17.06.2017 22:54,https://eksisozluk.com/entry/68904583
fena vurdu. 30 saniye falan salladı.,deniz fenerine asik olan gemi,17.06.2017 22:54,https://eksisozluk.com/entry/68904584
az önce karabağlarda hissedilen deprem.,otzidagi,17.06.2017 22:54,https://eksisozluk.com/entry/68904586
çeşme'de de hissedilmiştir. 6-7 saniye sürdü tahmini şiddet 4.5.,mystyc,17.06.2017 22:54,https://eksisozluk.com/entry/68904588
(bkz: lüleburgaz )dan da hissedilmiştir!,nilufer,17.06.2017 22:54,https://eksisozluk.com/entry/68904595
arkadaş dördüncü kattayım o nasıl sallanma öyle! bornova'da fena hissedildi.,sultan ucuncu berkecan,17.06.2017 22:54,https://eksisozluk.com/entry/68904599
karşıyaka'yı iyi salladı.,mdgg,17.06.2017 22:54,https://eksisozluk.com/entry/68904601
kusadasi'ni da sallamistir.,charlottetheharlot,17.06.2017 22:54,https://eksisozluk.com/entry/68904602
ayvalıkta da geçenkine göre biraz daha az sallandı. tahminim 5.8 civarında.,rapper134,17.06.2017 22:54,https://eksisozluk.com/entry/68904605
tahminim yine midilli de 5 civarı bir artçı olduğu yönünde.,kamajikaciya,17.06.2017 22:55,https://eksisozluk.com/entry/68904610
sakız adasından belirgin bir şekilde hissedilmiştir.,iwontsmoke,17.06.2017 22:55,https://eksisozluk.com/entry/68904618
hayvan gibi salladi an itibariyle. terasta sigara keyfi yapiyordum. daha da inmem. bana 1 hafta tatili cok goren faylara da cok kirginim. aksiyon bitmiyor. edit: 1 haftalik kabus sona erdi.,dipdip,17.06.2017 22:55 ~ 06.07.2017 05:26,https://eksisozluk.com/entry/68904622
22.50 depremi uzun süreliydi. depremler başladığından beri hissettiğim en net depremdi. *,mausolos,17.06.2017 22:55,https://eksisozluk.com/entry/68904624
gene geldi tipini siktiğim.,gliese 581,17.06.2017 22:55,https://eksisozluk.com/entry/68904625
"ulan bir insan ömrü boyunca bir bilemedin iki, üç kere depreme şahit olur.. bu ne arkadaş ya.. 3 günde bir deprem.. 3 günde bir komple apartman merdivenlerde.. böyle bi şey var mı.. yeter artık ya.. illallah dedik valla..",80 li yillari cok ozluyorum lan,17.06.2017 22:55,https://eksisozluk.com/entry/68904627
"dikilide hissedildi, hala ufak ufak vuruyor. şiddetini bilen varmı?",ziybet,17.06.2017 22:55,https://eksisozluk.com/entry/68904628
"didimde hissedildi, bir 5 saniye salladi. ıyi salladi, 5 uzerinde gibi",ozeluniversitedekiburslucocuk,17.06.2017 22:55,https://eksisozluk.com/entry/68904630
ege denizi 5.5 şiddetinde olmustur.,tozasor,17.06.2017 22:55,https://eksisozluk.com/entry/68904631
bornovayi şöyle bi titretmistir.,mustafaefendi,17.06.2017 22:55,https://eksisozluk.com/entry/68904633
izmir'deki arkadaşımla konuşurken deprem başladı yaklaşık bir 10 saniye sonra aydın'da sallamaya başladı çok tuhaf bir doğa olayı.,deligine yuvarlanmis tavsan,17.06.2017 22:56,https://eksisozluk.com/entry/68904649
6 dan aşşası kesmiyo artık,dimitrikopulos,17.06.2017 22:56,https://eksisozluk.com/entry/68904654
"(bkz: gelecekten bildirdim ) edit: 17 haziran 2017 tarihinde açılan, 18 haziran 2017 depremi başlığından taşınmıştır. https://i.hizliresim.com/jw2apd.jpg",illegalstar,17.06.2017 22:56 ~ 23:42,https://eksisozluk.com/entry/68904656
"urla'da, zeminle bir olan atölyede sağlam vurmuş depremdir. evdekileri aradım, üst katlardalar onlar. bayağı bi sallamis orayı da. umarım başka fayları tetiklemez sabahki de uykumdan uyandırmıştı. beşik olduk anasını satayim",delfina,17.06.2017 22:56 ~ 22:59,https://eksisozluk.com/entry/68904661
"10-15 gün, 5,5 e kadar surekli artçilar olacak diye uzmanlar söylemişti.",es se,17.06.2017 22:56,https://eksisozluk.com/entry/68904668
istanbul anadolu sahilinden hissedildi. baya 1 dakka surdu.,delnaja,17.06.2017 22:56,https://eksisozluk.com/entry/68904669
ama çok fena sallıyor.. azalacağına artacak mu şiddeti? keşke bir açıklama yapılsa.. ege denizi 5.5.,birdyfirdy,17.06.2017 22:57,https://eksisozluk.com/entry/68904675
benim anlamadığım şey bu deprem istanbul'dan da aynı şiddette hissediliyor. bir öncekinde de böyle olmuştu. ilçe bahçeşehir.,vayefendim,17.06.2017 22:57,https://eksisozluk.com/entry/68904678
"kusadasi, guzelcamlida avizeleri hafif sallatan depremdir",boybanddeki gereksiz eleman,17.06.2017 22:57,https://eksisozluk.com/entry/68904688
"22 50 civarı gerçekleşmiştir biraz uzun sürdü, (edit, uzun sürmemiş. bana kalsa hala devam ediyor) yine aynı bölge, karaburun' un kuzeyi ben 5,1 diye buldum",ultraparties,17.06.2017 22:57 ~ 23:08,https://eksisozluk.com/entry/68904690
"umarım can kaybının, yaralanmanın, hasarın olmadığı sallamadır. anksiyetesi, panik atağı olanlara sabır diliyorum. allah beterinden korusun. ilk önce bir sallandık mı dedim, sonra yukarıda kapı kapanınca onun titreşimidir diye geçiştirdim ki... olmuş. imza: sismograf g.tlü yer: zekeriyaköy/istanbul",altering lives,17.06.2017 22:57,https://eksisozluk.com/entry/68904693
bornova'yı inceden bir sallamıştır. tabii istanbullu arkadaşlar sormak lazım esas. zira ülkede deprem olup olmadığı istanbul'a etki edip etmediğiyle ölçülüyor.,kayayi delen incir,17.06.2017 22:58,https://eksisozluk.com/entry/68904702
"kuşadası davutlar'da,beş adımda bahçeye kaçtığım depremdir. içeride avize halen sallanıyor..",kirsof35,17.06.2017 22:58 ~ 23:35,https://eksisozluk.com/entry/68904703
şiddeti 5.3 olarak ölçülmüş.,cheers for fears,17.06.2017 22:58,https://eksisozluk.com/entry/68904706
yüreğimi ağzıma getiren ikinci deprem. bir önceki de geçenlerde olan. aynı onun gibiydi. deprem psikolojisi gerçekten çok sikik bi şey lan. daha büyük depremlerde enkaz altından kurtulanlar var. biz şu an bu haldeysek onları düşünemiyorum bile.,dunyanin en buzin seven insani,17.06.2017 22:58,https://eksisozluk.com/entry/68904708
baya uzundu bu sefer sanki. bitsin artık yaw.,recegina,17.06.2017 22:58,https://eksisozluk.com/entry/68904712
3-4 dakikada bir sallanıyor. japonya gibi olduk yeminle.,tekopaco,17.06.2017 22:58,https://eksisozluk.com/entry/68904713
ya vallahi artık deprem olmasından çok sıkıldım. hafta içi olana 15. katta yakalandıktan sonra ki sallantı yüzünden 1 haftadır başım dönüyor her yere sağlam basarak oturduğumda. tanrım sevdiklerimi koru.,metket,17.06.2017 22:58,https://eksisozluk.com/entry/68904714
şu anda 5.5 ile tekrar etmiştir. https://m.emsc.eu/…quake/earthquake.php?evid=599243,core i,17.06.2017 22:58,https://eksisozluk.com/entry/68904717
ege denizinde 5.5 şiddetinde olmuş. bucadan hafif hissedildi.,vol1,17.06.2017 22:58,https://eksisozluk.com/entry/68904719
"yobaz güruha ""sen misin ramazanda oruç tutmayan gavur izmir"" dedirten başlıktır.",mefhumumuhalif,17.06.2017 22:58 ~ 23:00,https://eksisozluk.com/entry/68904724
"şiddetliydi ama süresi 6,2 lik olana göre daha kısaydı. izmir'in çekeceği var.",deytas,17.06.2017 22:59,https://eksisozluk.com/entry/68904733
istanbul küçükçekmece'de hissedilmiştir.,kiezmultikulti,17.06.2017 22:59,https://eksisozluk.com/entry/68904736
"az evvel epey sallayan günün bilmemkaçıncı depremi ama bu daha şiddetliydi. bostanlı kahve deryası'nda az önce ayakta hesap ödüyordum, ""deprem"" diye durdum kaldım. tam üstündeki bina da bostanlı'nın meşhur yamuk binası olunca insan korkuyor sözlük.",asyamaris,17.06.2017 22:59,https://eksisozluk.com/entry/68904743
lan haftasonu kaçamağı diye geldiğim altınoluk'ta güzel sallamıştır.,nick ararken kaybolan yazar,17.06.2017 22:59,https://eksisozluk.com/entry/68904753
fena sallandık manisa da ; an itibariyle kandilli rasathanesi sitesi çöktü. tahmini 5.8 ege denizi,yakarcayakalayanadam,17.06.2017 22:59,https://eksisozluk.com/entry/68904760
çok korktum bu sefer. sabah ki hafifti de bu sağlam salladı.,taktaktaksii,17.06.2017 22:59,https://eksisozluk.com/entry/68904762
"mutfakta su içerken ""hoo başım ne döndü lan?!"" diye düşünüp koltuğa oturmamı, koltuğa oturunca başımın dönmediğini anlamamı sağladı 22:50'deki. 2 yıldır oturduğum evde depreme yakalanmamıştım, 10. katın tadı başka oluyormuş. lunaparklardaki gondollara durmak üzereyken binmişim gibi bir hissiyat idi. dört tarafa aheste aheste sallandım. binadan ""burada depreme yakalanırsan iyi sallanırsın hacıt"" uyarısını aldım. 22:50 sularında olanı istanbul 3. bölgeden hissedildi.",cenabettincerrah,17.06.2017 23:00,https://eksisozluk.com/entry/68904766
olmuş ama hissetmediğim deprem. yer hatay.,balikci filozof,17.06.2017 23:00,https://eksisozluk.com/entry/68904775
istanbul beylikdüzü'nde de hissedilen depremdir.,aero gs,17.06.2017 23:00,https://eksisozluk.com/entry/68904785
"#deprem aegean sea (38.8400 26.4200) 2017.06.17, 22:50:04 tsi büyüklük: 5.5 derinlik: 12.3 km #kandilli",enkizu,17.06.2017 23:00,https://eksisozluk.com/entry/68904786
(bkz: nasa'nın izmir'de deprem tahmin istasyonu kurması ),doomthema,17.06.2017 23:00,https://eksisozluk.com/entry/68904788
"magnitud: 5,5",gokten dusen yer elmasi,17.06.2017 23:00,https://eksisozluk.com/entry/68904789
istanbulda olmadiysa oldu sayilmamistir. not: gevrek boyoz cigdem,ginaly,17.06.2017 23:00,https://eksisozluk.com/entry/68904791
bursa yalova yolu özdilek'te sanırım bir tek benim hissettiğim depremdir. baya bir salladı. korktum sözlük.,dutya,17.06.2017 23:01,https://eksisozluk.com/entry/68904805
köpeklerimden biri free takılmayı sever. odasında takılırken şimdi yanıma geldi ayağımın altında saklanıyor. bu tepkiyi bir tek havai fişek atıldığında yaptığı için baya tırstım. *,green2005,17.06.2017 23:01,https://eksisozluk.com/entry/68904807
sanırım yine sallamış olan depremdir,boks eldiveni,17.06.2017 23:02,https://eksisozluk.com/entry/68904823
6.2 ile başlayan deprem fırtınasının en yüksek ikinci depremi. 5.5 diyorlar. korkulacak bir şey yok. bu bölge belli dönemlerde böyle sallanır.,nutellali balik ekmek,17.06.2017 23:02,https://eksisozluk.com/entry/68904825
6.3 ten beri sürekli başım dönüyor da sallanıyormuşum gibi hissediyorum. paranoyak oldum. yine sallanıyorum galiba diyordum ki depremmiş.,soda limon,17.06.2017 23:02,https://eksisozluk.com/entry/68904828
(bkz: izmir rock'n roll günleri ),evillive,17.06.2017 23:02,https://eksisozluk.com/entry/68904835
kuşadası'nda fazlaca hissedilmiştir..,kagit iki milyon,17.06.2017 23:03,https://eksisozluk.com/entry/68904846
son bir ayda dördüncü kez olmuştur.ciddi hissedilir derecede. bir dahakinde bakalım entry girmek nasip olcakmı yer bornova,othervoices,17.06.2017 23:03 ~ 23:06,https://eksisozluk.com/entry/68904848
"adam bornova'yı inceden salladı yazmış. yahu biz 400km uzakta bursa'da inceden sallandık senin bornova'da kalından baya bi sallanman gerekir. ayrıca cidden ne sikim ülkedir lan bu. doğal felaketi bitmez, kazası belası bitmez, dünyanın en iğrenç bölgesine komşu olması, savaşlar, terör,mülteciler. cennet gibi ülke diyenler yok mu ağzına yüzüne uçan tekme atasım geliyo.",epir,17.06.2017 23:03 ~ 23:04,https://eksisozluk.com/entry/68904851
"en doğru ölçümü veren siteye göre 5.2 olmuştur, vd . karşıyaka bölgesindeki bütün martılar aynı anda havalanıp ses çıkarmaya başladılar. deprem uzmanı (bkz: ahmet ercan )'ın bu hafta söylediği gibi beklenen bir depremdir.",nickini de seni de,17.06.2017 23:03 ~ 23:08,https://eksisozluk.com/entry/68904852
alıştım galiba. koltuktaki pozisyonumu bile değiştirmedim,uyuyankral,17.06.2017 23:03,https://eksisozluk.com/entry/68904857
mordoğan'da sokağa dökmüştür.,rakinfish,17.06.2017 23:04,https://eksisozluk.com/entry/68904864
birinin istanbul küçükçekmece'de nasıl hissedilebildiğini açıklaması gereken deprem.,gizy,17.06.2017 23:05,https://eksisozluk.com/entry/68904881
"anlik geldi, denizde bir dalganin uzerinde kayar gibi kaydi butun ev sanki. aklımız gitti 6.3ten sonra amaka. dakka başı deprem, yorulduk.",chezidek,17.06.2017 23:05,https://eksisozluk.com/entry/68904895
yıllardır ilk kez deprem hissettim. ama ilginçtir izmir açıklarındaki depremi ben istanbul bahçeşehir'den nasıl hissettim?,pheno,17.06.2017 23:06,https://eksisozluk.com/entry/68904897
kayalık zeminde hafif de olsa hissettirdi. kuşadası - kadınlar denizi,vikartindur,17.06.2017 23:06,https://eksisozluk.com/entry/68904901
böyle ufak sarsıntıların sürekli olması iyidir izmirliler. yer kabuğunun sesizleşmesi daha büyük tehlikedir deprem bölgeleri için. mesela marmara denizinin sessizliği gibi.,takim elbise ile yuzen adam,17.06.2017 23:06,https://eksisozluk.com/entry/68904907
"nereye kaçsak diye bakınmama sebep olduran. 22.50yi hissettim sadece akşam olanlardan,sabah da depremle uyandım... insanın morali bozuluyor.",glygine,17.06.2017 23:06,https://eksisozluk.com/entry/68904909
"çocukluğumdan beri duyduğum en saçma teselli (ya da her neyse); ""depremle yaşamaya alışmalıyız!""dır. duvarların çatırdamasına, tavandaki lambanın dans etmesine, altındaki zeminin sağa sola gitmesine hangi psikopat ruhlu organizma alışabilir ya da soğukkanlılıkla karşılayabilir merak ediyorum. allah'ım, ölüm hakikat elbet, ancak ne olur, sevdiklerime hayırlı ve acısız bir ölüm nasip et dedirten depremdir.",ironik nick,17.06.2017 23:06,https://eksisozluk.com/entry/68904911
5 üzeri olduktan bu yana 16dk geçti 3üzeri 5 artçıyla devam eden fırtınadır..,core i,17.06.2017 23:06,https://eksisozluk.com/entry/68904922
aydın da da hissedilen depremdir. allahtan barakada yaşıyorum.,ez li virim,17.06.2017 23:07,https://eksisozluk.com/entry/68904926
günlerdir doğadayım çadırı toplayıp eve döndüm. tam eve girdim kapıyı kapadım salladı. cidden soğudum artık. umarım geçicidir... artık ciddi korkmaya başladım. lütfen gece sallamasın :(,mymissingstars,17.06.2017 23:07,https://eksisozluk.com/entry/68904941
"bir gün içinde hissettiğim 3. deprem olmuştur, hepsinde de başta hanım tarafından koltuğu veya yatağı sallamamam uyarısıyla hissetmeye başladık.",emperor84,17.06.2017 23:08,https://eksisozluk.com/entry/68904943
"geçen haftaki 6,3'lük depreme göre çok daha az şiddetli ve kısa süreliydi. fakat buna rağmen iyi salladı. konum: göztepe",sfalya,17.06.2017 23:08,https://eksisozluk.com/entry/68904952
"geçen haftaki depremden daha kısa süreli olmakla birlikte, yine 5.5 uzerinde diye tahmin ediyorum. lokasyon ayvalık.",terra rossa mia,17.06.2017 23:09,https://eksisozluk.com/entry/68904972
"istanbul bakırköy de oturuyorum, yatakta başım dönüyo sandım lambayla gözgöze geldiğim de hafiften sallanıyordu. ya çok hissiyatliyim ya da bizim bina çok eski.",ruzgaresintisi,17.06.2017 23:09,https://eksisozluk.com/entry/68904973
artçı depremdir.,kerevizyon,17.06.2017 23:09,https://eksisozluk.com/entry/68904981
büyük birşey geliyor hissediyorum rüyalarımda çok gördüm bu ara depremleri sonumuz hayrolsun,elarabasinisatanbilge,17.06.2017 23:10,https://eksisozluk.com/entry/68905014
"5.3 olarak kaydedilen deprem. hafif salladı geçti bizim burayı ama, zannederim izmir'de daha şiddetli hissedilmiştir.",anlamadiysanizsorabilirsiniz,17.06.2017 23:11,https://eksisozluk.com/entry/68905026
karşıyaka'nın kuzeyindeki soyaklarda hissedilmemiş depremdir.,defakto,17.06.2017 23:11,https://eksisozluk.com/entry/68905027
gece uyutmayacak depremdir. ınsallah gece olmaz.,katyusha,17.06.2017 23:11,https://eksisozluk.com/entry/68905028
konak asansör kısmını iyi sallayan depremdir. kitapliklarimdan ses geldi. 99 depremini sakarya da geçirmiş biri olarak allah aklıma mukayyet olsun. vallahi sıktım sıyrıldı.,uc vakte kadar yedi,17.06.2017 23:11,https://eksisozluk.com/entry/68905040
ailem izmirde sözlük sayesinde onlardan önce benim haberim oluyor. bu ne arkadaş!,28061984,17.06.2017 23:12,https://eksisozluk.com/entry/68905046
"lambami sallamamistir, genelde 5.5 uzerinde sallaniyor benim odanin lambasi.",n8,17.06.2017 23:12,https://eksisozluk.com/entry/68905062
"bu ne lan dünün aynısı? karikatürünü aklıma getirmiştir. mataraları hazır tutun beyler, bayanlar. kaçış ve kalış planlarınızı da yapın şimdiden. allah korusun daha büyüğünden ama bu işin şakası da yok. geçmiş olsun.",mockba,17.06.2017 23:12,https://eksisozluk.com/entry/68905064
izmir'de bulunan arkadaşlarımın siklemediği deprem. herkes dalgasında anladığım kadarıyla. tanım: erzincan'da hissedilmeyen deprem.,elemental,17.06.2017 23:13,https://eksisozluk.com/entry/68905087
gün içinde karaburun civarı serbest dalış yaptım. dalış sırasında su içinde sürekli tık tık sesleri duydum. bu seslerin kaynağı nedir nedendir bilinmez ama hayırlısı diyelim.,ermoo,17.06.2017 23:14,https://eksisozluk.com/entry/68905103
gecen ki 6.3 luk olan haric son 3 yilda izmirdeki hicbir depremi hissetmedim. gecen olan deprem 20km derinlikteydi ve muhtemelen bu yuzden hayvan gibi hissettirmisti. artcilar daha yuzeyde oluyor. o 6.3 luk olan cok acayipti. bunlar resmen yelpaze serinligi gibi onun yaninda.,beeyore,17.06.2017 23:14 ~ 23:15,https://eksisozluk.com/entry/68905105
o kadar çok oluyor ki artık çoğu haber değeri bile taşımamaya başlayan sadece ekşide bahsi geçen depremler zinciri. en son 22:50'de oldu.,thesilmarillion,17.06.2017 23:16,https://eksisozluk.com/entry/68905156
"bundan seneler once olan izmir depreminde arabada uyumustu herkes. sonra sabaha karsi boyoz yemistik firindan tam cikma saatiydi. arkadasimla konusuyorduk da oyle hatirladim, deprem zamani, sokakta uyuyoruz korkudan. ama keyif tam gaz. denisik bir sehir. cay da vardi.",muti,17.06.2017 23:16,https://eksisozluk.com/entry/68905161
(bkz: izmir'in anadolu'dan ayrılmaya çalışması ),retrospektekuler,17.06.2017 23:17,https://eksisozluk.com/entry/68905180
izmir karşıyaka'da harıl harıl iş yetiştirmeye uğraşırken hiç de ciddiye almadığım deprem. sahi arkadaşlar merak ediyorum da çok mu rahatsınız yoksa sıkıcı hayatlarınıza heyecan mı arıyorsunuz.,mscmn,17.06.2017 23:17,https://eksisozluk.com/entry/68905182
kızıl ordu korosundan katyuşa'yı dinlerken yakalandığım deprem. kuzen haber vermese avizenin hayvan gibi sallandığını farketmeyecektim.,ashildr,17.06.2017 23:18,https://eksisozluk.com/entry/68905204
...,eyukcell,17.06.2017 23:18 ~ 16.03.2018 07:53,https://eksisozluk.com/entry/68905223
taşlar git gide yerine oturuyor şimdi.,melancohly,17.06.2017 23:19,https://eksisozluk.com/entry/68905232
saros körfezinden hissedilen depremlerden sonuncusu. hayırlara vesile olması dileğiyle.,brhmdrcn,17.06.2017 23:19,https://eksisozluk.com/entry/68905236
beklenen büyüklükteki artçılar olduğu söylenen depremler silsilesidir. 3 ve üzerisini hep hissediyormuşum meğer ben. uzanırken kalbimin çarpıntısından sallandığımı düşündüğüm her sarsıntı 3 ve üzeri depremlermiş. 22:50 de gerçekleşen 5.5 tan sonra sürekli takip ettim ve gerçekleşen tüm depremleri hissettiğimi farkettim sayesinde.,dedimyala,17.06.2017 23:20,https://eksisozluk.com/entry/68905263
korkutan depremdir. bu deprem artci miydi yoksa yeni bir kirilma mi gerceklesti ?,katyusha,17.06.2017 23:20,https://eksisozluk.com/entry/68905264
az once olan depremi beylikduzunden hissettim. rabbim daha buyuklerini yasatmasin.,onemlidegil,17.06.2017 23:20,https://eksisozluk.com/entry/68905266
(bkz: winter is coming ),audard,17.06.2017 23:20,https://eksisozluk.com/entry/68905273
o değil de ne çabuk ayın 17'si olmuş. yine kol gibi kdv ödeyeceğiz.,nutellali balik ekmek,17.06.2017 23:21 ~ 23:22,https://eksisozluk.com/entry/68905294
(bkz: fani dünya ),satukbugrahan,17.06.2017 23:22,https://eksisozluk.com/entry/68905296
1 haftadır hoplatılıp duruyoruz bir 5 lik bir 6 lık sikmese iyi bari...,altinsan,17.06.2017 23:25,https://eksisozluk.com/entry/68905361
dua edelim de bunlar ileride olacak olan çok daha büyük bir depremin habercisi olmasın.,firari,17.06.2017 23:26,https://eksisozluk.com/entry/68905380
edremit körfezi özellikle akçayda hissedilmiş depremdir.ayrıca akçay sahilde denizin 1-1.5 m. çekildiğini söylüyorlar. insanlar ciddi korkmuş durumda.neler oldugunu açıklayabilecek varsa yeşillendirin please,o ne lisa,17.06.2017 23:26 ~ 23:28,https://eksisozluk.com/entry/68905394
eski sevgilisi ege bölgesinde yaşayanlar için mesaj vakti.,tayo,17.06.2017 23:26,https://eksisozluk.com/entry/68905395
sürekli artcilar oluyor 5.5 den sonra. 6 7 tane 3.4 - 3.9 arası deprem oldu,nofix,17.06.2017 23:26,https://eksisozluk.com/entry/68905397
izmir çandarlıda sağlam hissedilen deprem. yeter la artık bu kaçıncı...,zenci451,17.06.2017 23:27,https://eksisozluk.com/entry/68905424
geçen seferki depremi de hissetmemiştim ama evdeki herkes bunu da hissetmiş. (bkz: sorun bende aşkım ),yalniz astronot heykeli,17.06.2017 23:27,https://eksisozluk.com/entry/68905425
sikik misvak'a malzeme çıktı yine,zenci451,17.06.2017 23:30,https://eksisozluk.com/entry/68905475
"oguz gundogdu'nun cnnturk'de dedigine gore 5.3 siddetindeki bu deprem dogrultu atimli bir deprem olup 6.3'un artcisi degil bagimsiz bir depremdir, yani bolgede yeni bir faylanma olustugunu gosteren ozellikler icermektedir.",astrofizik,17.06.2017 23:31,https://eksisozluk.com/entry/68905500
bu kadar çok depremin ardından büyük deprem olma olasılığı yok denecek kadar az. rahat olun cankuşlar. deprem fırtınaları,whatthefcuk,17.06.2017 23:35 ~ 23:37,https://eksisozluk.com/entry/68905588
"ortalama 10 dakikada bir irili ufaklı depremlerle kendini hatırlatmaya devam etmektedir. hiç 18 haziran, 19 haziran başlıklarına gerek yok. 2017 haziran izmir sallantıları diye açın başlığı. hatta 2017 yazı izmir sallantıları bile iş görür.",laureux,17.06.2017 23:38,https://eksisozluk.com/entry/68905643
karşıyaka bahçelievler tarafında da hissedilen depremdir. önce küçük bir deprem oldu daha sonra ise gerçekten sağlam salladı. kısa sürdü ama deprem korkusunu yaşatmaya yetti. hepimize geçmiş olsun.,sacr0,17.06.2017 23:40,https://eksisozluk.com/entry/68905682
büyüklüğünü/şiddetini kandilli'den önce eski sevgilimden öğrendiğim depremlerden biri. 6'nın altındakilerde aramıyor çünkü.,tesadufun dikalasi,17.06.2017 23:44,https://eksisozluk.com/entry/68905757
"bu gidişle çocuğun adını 'kandilli' veya 'rasathane' koyacağız. büyüyünce de son günlerdeki depremleri anlatınca 'babam bana doğal beşik ayarlamış' der, hava atar artık.",kendinekadaravukat,17.06.2017 23:45,https://eksisozluk.com/entry/68905777
artık eşşeğin ayağına su kaçırmış depremlerin umarım sonuncusudur. lan eve giremiyorum. yıllık iznimi saçma sapan şekilde kayınvalidelerin yazlıkta geçiriyorum.,kamajikaciya,17.06.2017 23:47,https://eksisozluk.com/entry/68905813
insanı paranoyaklaştıran depremlerdir. şiddetli hissettirince tatil olsun kafa dağılsın diye gelinen izmir'i bir bankta biraz daha bekleyelim de otele öyle dönerize çevirtti.,takintili insan modeli,17.06.2017 23:48,https://eksisozluk.com/entry/68905825
deprem bizim ülkemiz için normal birşey. tedirginliginizi anlıyorum ama paniğe gerek yok. 5 nokta bilmem kaç depremde arkadaşlar iyi misiniz yazmak komik oluyor. hani 6.4 falan olsa hakikaten endişe verici olabilir de kendi kendinize sinirinizi bozuyorsunuz sadece.,lonelyday34,17.06.2017 23:48,https://eksisozluk.com/entry/68905835
kanımca izmir bu ülkeden kopmaya çalışıyor. not: sallanmaktan tansiyon falan kalmadı korkudan tuvalete yalnız giremeyecek haldeyim fena korkuyorum. tırsmayanların da bu hallerimize saygı duymasını bekliyorum siktirtmesinler genişliklerini. teşekkürler.,sepiaofficinalis,17.06.2017 23:50,https://eksisozluk.com/entry/68905879
buradan baktığımız zaman önceden uyarısı verilmiş depremdir. sitenin sahibi veysi kurt bey ile mail üzerinden bağlantı kurdum bu gece için herhangi bir deprem belirtisinin olmadığını belirtti. not : merak ettiğiniz bir şey varsa sorabilirsiniz ama lütfen bu gece deprem olcak mı şeklinde bir soru sormayın sitenin sahibine çünkü ben sordum cevabını buraya yazdım.,katyusha,17.06.2017 23:55,https://eksisozluk.com/entry/68905979
"ya herkes dolaplardan uzak durun yazmış; ama benim gibi yatağın yanında dolap varsa ""hayat üçgeni"" oluşturmak için en güvenilir yer burası olmuyor mu? korkuyorum sozluk, 9 aylık bebeğim var, 7. katta oturuyorum en güvenli yer diye burayı belledim hata mi yapıyorum?",martik,17.06.2017 23:58,https://eksisozluk.com/entry/68906054
"iş yerinde her gün allah kitap küfreden orospu çocuklarına ""allahumme salli ala"" okutan deprem.",kurukafakarafaruk,18.06.2017 00:00,https://eksisozluk.com/entry/68906091
"deprem esnasında ne kolon ne de kiriş altında saklanın. hele hele kapı eşiklerinde sakın sakın durmayın. türkiyedeki bina kaliteleri ortada. zannediyor musunuz ki olası bir yıkıcı depremde o kolonlar kirişler ayakta kalacak? yapmanız gereken tek şey kendinize yaşam üçgeni oluşturmak. oluşturacağınız yaşam üçgenine uzandığınızda başınıza ya da doğrudan vücudunuza düşecek mobilyaların olmamasına dikkat edin. gece yatağınızın dibi bu iş için en uygun yerlerden biridir, eğer ki yatağınızın sağlamlığına güveniyorsanız. hemen dibine uzanın. bir başka önemli şey deprem çantası. yaşam üçgeninizin olduğu yerde, içinde litrelik suların, şekerlerin, belki bisküvi tarzı ama susatmayacak bir iki parça yiyecekle beraber bir adet düdüğünde bulunmasına dikkat edin. olası çökme durumunda enkaz altında bağırmak yerine düdük sayesinde daha az çaba ile daha fazla gürültü çıkarabilirsiniz. tabi cep telefonlarınızı da şarjda ve yaşam üçgeninizin yakınında tutmaya özen gösterin yatarken. son söz, evet panik yapmayın ama mecbur kalmadıkça kolon, kiriş altlarına da saklanmayın. zemin katta değilseniz pencereden atlamaya hiç kalkmayın. kapı eşiklerinin altı ise olası bir yıkılmada doğrudan ölümünüze sebebiyet verir. cümleten geçmiş olsun. not: yaşam üçgeninin önemi 99 depreminde tv lerde uzmanlar tarafından defalarca anlatıldı. ek: yatak dibi derken yatağınızın altını kastetmiyorum, yatağın zeminle kesiştiği nokta. asla yatak yada masa gibi her hangi bir mobilyanın yada makinenin/aracın altına girmeyin.",issiz karga,18.06.2017 00:00 ~ 01:37,https://eksisozluk.com/entry/68906103
facebook durumlarında hemen paylaşılmış olandır. abi deprem oluyor farkındasınız dimi hemen akıllı telefonunu açıpta bütün sosyal medya hesaplarında deprem oldu diye durum kasmak nedir? ahiretteyim diye swarmdan çekin atmana ramak kalmış sen hala blablabla...,sherlockholmess,18.06.2017 00:04,https://eksisozluk.com/entry/68906226
deprem masası olarak da bilinen çelik sığınak tipi yemek masalarından almak gerektiğini bir kez daha hatırlatmış olan depremdir.,elektriklisandalye,18.06.2017 00:07,https://eksisozluk.com/entry/68906299
"depremle ateist turnoslu yapan gerzek turnosulu tüm marketlere gelmiştir. aga bitmediniz. neymiş din kitap kufurmus, bira ıcıyolarmıs, abdestsızmıs falan.. ulan sizin dualar neye yarıyor o zaman? bi de böyle düşün.",snoop dogg millionaire,18.06.2017 00:10,https://eksisozluk.com/entry/68906342
"karşıyaka'da yatakta yakalandığım depremdir. ilk depremden sonra annem boynuna düdük takmıştı, onu çalmasıyla birlikte ısrarlarına dayanamayıp beraber evden çıktık ve asansöre bindik. (bkz: depremden kaçarken asansöre binmek )",kakumaklu,18.06.2017 00:13 ~ 00:15,https://eksisozluk.com/entry/68906437
bir önceki depremde olduğu gibi yine ızmir semalarının kızıla donmesi bu fenomenin deprem ile olan ilgisini güçlendirmiştir,kindabusy,18.06.2017 00:14,https://eksisozluk.com/entry/68906447
6.3 lükten beri her an titriyorum ve sallanır vaziyetteyim dolayısıyla pek etkilenemedim. mutfakta bir sürgülü dolap var o da açılırsa tüm izmir hissetmiş oluyor.,ucan kivircik,18.06.2017 00:14,https://eksisozluk.com/entry/68906455
bana evden çıkıp 5 bira aldıran depremdir. madem içiyoz diye oluyor bakalım sınırları zorlucam aga.,huguker,18.06.2017 00:14,https://eksisozluk.com/entry/68906456
(bkz: şiddet değil büyüklüğü ),pkron,18.06.2017 00:14 ~ 00:15,https://eksisozluk.com/entry/68906463
aklıma yanardağ getiren deprem. yunanistan yanardağları ne durumda acep? orda bi deprem olsa dağ patlasa yandık.,artik yazar yapsaniza,18.06.2017 00:21,https://eksisozluk.com/entry/68906630
"korkutmuştur. şu deprem olduğunda panik yapacağınıza, balkonlardan atlayacağınıza geçin sert, duvara dayalı, yerinde kıpırdamayacak bir şeyin yanına ( koltuk başı, yatak yanı gibi şeylerin yanına ) dizlerinizi kırıp başınızı ellerinizin arasına alıp deprem geçinceye kadar bekleyin. dışarı çıkma şansınız deprem olurken 100% ise çıkın tabi ki. öyle bir şans çok azdır. yahu kimisi panikle bağırıyor, kimisi kapı eşiğinde duruyor. insanları yönlendirmek için deprem olurken sinirden küplere binip bağırıyorum. kendinden geçip korkudan ne yapacağını şaşırıp balkona, pencereye yönelen birkaç tanesine tokat atmışlığım bile var. 17 ağustos depremini yaşayıp yıkık arasından sağ kurtulanlarda ki paniği anlarım da ulan yıkılmamış, duvarı bile çatlamamış bir yer görmeden yıkık altındaki kişiden daha fazla korkup manyak manyak işlere kalkışmak nasıl bir psikopatlıktır ?",benbiravareyim,18.06.2017 00:23,https://eksisozluk.com/entry/68906694
"insanlar izmirde canının derdindeyken, şu deprem meselesini oruca/dine/dinsizliğe bağlayanları, 10 şiddetinde titreterek sikeyim. edit: küfürden dolayı sözlük kuralı konusunu açacak olan varsa onu da ayrıca sikeyim. edit 2 : bu da cevapsız bir soru olarak kaldı, en azında malı meydana serdi https://i.hizliresim.com/29kdbd.png",kendinekadaravukat,18.06.2017 00:26 ~ 01:30,https://eksisozluk.com/entry/68906776
"bi arkadas kolon ve kirislerin orda durun, kapi eşiğinde durun falan yazmis. canlarim bu laflar isvicre için, japonya için falan dogrudur muhtemelen de turkiyede en son durmaniz gereken yerler kapı eşikleridir (lento) muhtemelen hafif yikici depremde ilk beyninizi delecek şey lentolar olur. (kapı eşikleri altında durursanız) zira bina yikilcaksa ilk kirisler kolondan ve tabliyeler kolondan ve belki kirişten ayrilacagi icin en tehlikeli yerler buralar. yikilacak binada sizi yaşam uçgenleri kurtarir. bunlar da saglam mobilyalarin yanlari oluyor genelde ama her mobilya yani da ucgen olusturmaz tabi. ayrica mobilya derken ustunde cam, biblo, kitap, bardak vs olan vitrinleri kastetmiyorum. buzdolabi, sağlam yataklar, çamaşir makinesi vs olabilir. (bkz: yaşam üçgeni ) ama tekrar edicem, dunyanin en salakça seyi kapı eşiğinde durmaktir.",beeyore,18.06.2017 00:43 ~ 01:02,https://eksisozluk.com/entry/68907225
"bu depremi izmirin oruç tutmamasına bağlayanlar, kurban bayramında deprem olunca da, tanrılar kurban istiyor diye ortalıkta dolaşacak demek ki.. gök gürleyince gökyüzünden korkan ilkel insanlardan hiç farkınız yok lan..",strobist,18.06.2017 00:49,https://eksisozluk.com/entry/68907366
"karşıyaka'da yine bütün mahalleyi sokağa döken deprem. benimse depreme karşı aldığım tek önlem , usturuplu pijama giymek oldu. gülmeyin, aniden evden çıkma ihtimalinde doğru düzgün bir kıyafetle çıkmak önemli. geçen hafta ki depremde kot pantolonla uyudum diyen arkadaşa o kadar gülmeseydim iyiydi.",aptalsey,18.06.2017 00:53,https://eksisozluk.com/entry/68907475
"kordon çimlerinde yakalandığım deprem. bizzat topraktan depremi hissetmek çok korkunçmuş, uzun süre kendime gelemedim.",xavininarapasi,18.06.2017 00:54,https://eksisozluk.com/entry/68907501
"en büyük korkusu deprem olan ben 12 hazirandan beri geceleri uyumadim, kestirdim. evim deprem ani düzenekleri, kapimin önü kacabilirsek alırız acil ihtiyaç çantaları ile dolu. bu sebeple esyalarin hepsi darma duman zaten ve oyle de kalacak. geceleri binanin yikilma durumunu degerlendirip yeni yeni sığınaklar yapiyorum. eşim sabah kalkip evin haline bakiyor ve ilginci bana hic bir sey söylemiyor. hakli buldugundan mı yoksa artik kafayi yedigimi dusundugunden mi bilemiyorum... düdük yok evde, almasını ondan isteyeceğim yarın. neyse.. sosyal medyada övgün ahmet ercan hoca kaygiya gerek yok dedi. üstelik gayet rahat söyledi. guvenirim kendisine içimi rahatlatmadı değil ama yine de doga bu. tek başımıza sahibi oldugunu düşündüğümüz doğa..",bilemedimbenbeni,18.06.2017 00:56,https://eksisozluk.com/entry/68907561
olayı dine imana bağlayan gerizekalılara çok değil iki sene önce 760 kişinin öldüğü kabe izdihamını hatırlatırım. yoksa orada ölen hacılar da gavur muydu?,gliese 581,18.06.2017 01:03,https://eksisozluk.com/entry/68907741
ege zaten deprem bölgesidir yalnız bu bir haftadır bayağı endişelendiriyor. bir ay sonra oradayım :(,okyanussss,18.06.2017 01:14,https://eksisozluk.com/entry/68908006
"bira midye festivaline bağlama oranı: 1.05, yine oruçsuz,abdestsizlere bağlama oranı: 1.25 yanılmıyorsam 5.5 foça kaynaklı olan pazartesi günkü deprem kadar olmayandır. sağlam olmasa da iyi sallamıştır.",imlakilhavuzundaunlubogulmasi,18.06.2017 01:17,https://eksisozluk.com/entry/68908085
korkuyoruz...,pembegyrus,18.06.2017 01:22,https://eksisozluk.com/entry/68908181
"saat 22.50'de 5.6 magnitüdde ege denizinde olan bir depremdir. ondan sonra en büyüğü 4.0 olmak üzere 5-6 artçı daha gerçekleşmiştir. fakat yine haarp teorisyenlerini çıkartmıştır ortaya. celal şengör hocamızın şu açıklaması herhalde yeterli olacaktır bu teorisyenler için. her şeyi bir yere atmayı ve kendimizi suçlu bulmamayı çok seviyoruz. haarp'ı falan geçmek lazım. esas sormamız gereken soru ""biz depreme ne kadar hazırız?"" olmalı. depremi haarp yaptı veya fay hatlarının kırılmasıyla oluştu, ne fark eder? sonuçta bir deprem olduğunda ve yıkıldığında insanlar ölecek, ocaklar sönecek. deprem olur suçu haarp'a atarız, darbe olur fetö'yü suçlarız onu devletin bu kademelerine getirenleri görmeden, ekonomimiz bozulur dış mihrakları suçlarız, üretim yapamayız almanya bizi kıskanıyor olur. bunları geçmek lazım. dış mihraklar her zaman olacak, önemli olan bizim bunlara ne kadar hazırlıklı olduğumuz. sen evlerini sistematik bir şekilde deprem dayanım kontrollerinden geçiriyor musun? üç beş kuruş kâr edeyim diye o evlerin yapımında kullanılan aletlerden çalıyor musun? birkaç tanıdık firma nemalansın diye kötü iş yapan yerlere veriyor musun? deprem sırasında ne yapılması gerektiğine dair halkı bilgilendiriyor musun? doldurma alanlara gökdelenler dikiyor musun? depremden sonra halkın rahatlıkla ulaşabileceği sığınaklar yahut toplanma alanları yapıyor musun ve bunları ne kadar sürede bir kontrol ediyorsun? öncelikli olarak bu soruları sormalıyız ve negatif yanlarımızı pozitife çevirmeye; pozitif yanlarımızı da iyice geliştirmeye çalışmalıyız. yoksa daha haarp derken, dış mihraklar derken çok gümbürtüye insan can verir bu topraklarda.",rockandroll rules,18.06.2017 01:27,https://eksisozluk.com/entry/68908307
"iki uzman iki ayrı yorum yapıyor... ahmet ercan hoca ""bu 6,3 lük depremin artçısı, daha büyük olmaz, küçülerek 3 - 4 hafta daha devam eder"" derken oğuz gündoğdu hoca ise bu depremi 6,3 ün artçısı değil bağımsız bir deprem olduğunu, bölgede yeni bir faylanmanın olduğunu söylüyor . işin ilginç yanı ahmet hoca depremin 8 - 9 km derinde olduğunu söylerken oğuz hoca 22 km altta meydana geldiğini söylüyor. kandillinin sitesine göreyse 14 km derinlikte olmuş. buyur burdan yak... ah deprem dede ah... ha bu arada kişisel olarak manyağa bağlamış durumdayım. durup dururken sallanıyormuşuz gibi geliyor, bir kalp çarpıntısı, bir heyecan, bitmeyen iç sıkıntısı... belirsizlik dünyanın en boktan şeyi, hele ki ucunda senin ve sevdiklerinin ve milyonlarca insanın yaşamı varsa.",issiz karga,18.06.2017 01:29,https://eksisozluk.com/entry/68908362
seferihisar- teos sanat kampı'ndan hissedildi.,subliminati,18.06.2017 01:35 ~ 06.07.2017 17:23,https://eksisozluk.com/entry/68908527
kordonda içmekteyken yakalandığım depremdir. bu kez benim ev kesin yıkılmıştır dedim ama gene olmadı.,bozukmubirmilyondolar,18.06.2017 01:37,https://eksisozluk.com/entry/68908572
(bkz: #68908370 ),takim elbise ile yuzen adam,18.06.2017 01:42,https://eksisozluk.com/entry/68908692
"manisa'da yaşadığım için, deprem olduğunu daha kolay anlayabileceğim bir alete ihtiyacım olduğunu hissettim. şöyle su küresi gibi rüzgara karşı kapalı ancak rüzgar gülü kadar hassas bir alet yokmu?",frealaf,18.06.2017 01:53 ~ 18.06.2018 09:47,https://eksisozluk.com/entry/68908902
geçmiş olsun güzel izmir,metrobusebinenvatandas,18.06.2017 02:01,https://eksisozluk.com/entry/68909065
gecen haftaki depremde istanbuldaydim 30-35 saniye suren bi deprem hissettim bugunku depremde aydinda yakalandim yerde uzaniyodum fazla hissettim ama istanbuldakine gore kisa surdu elim ayagim titriyor korkuyorum,teslanin evladi,18.06.2017 02:03,https://eksisozluk.com/entry/68909106
berbat bir duygudur,kerrati,18.06.2017 02:04,https://eksisozluk.com/entry/68909125
babasiz gecirdigim bir depremdir. babami cok ozledim.,jackfromchina,18.06.2017 03:26,https://eksisozluk.com/entry/68910441
gene hafiften bi salladı.boyle titretmeden baş dönmesi gibi.onuda avizeden anladım. sürekli basım dönüyormuş gibi hissediyorum gözüm paso avizede,nofix,18.06.2017 03:52,https://eksisozluk.com/entry/68910805
yıkıcı depremler genelde aniden oluyor. günlerdir deprem olduğunu düşünerekten yıkıcı bir deprem olmamasını ummaktan ve dua etmekten başka bir şey gelmiyor elimden,asskickker,18.06.2017 04:06,https://eksisozluk.com/entry/68910988
korkudan uyutmayan. saat 4 olmuş ama hala tetikte bekliyorum. delirmeye ramak kaldı !,iknowit,18.06.2017 04:10,https://eksisozluk.com/entry/68911049
"her iki depreme deniz kenarında yakalandım. evden burnumu çıkartmayacağım korkmayın deprem falan olmaz artık. totem bir yana, cidden yoksa ölecek miyim hissi yaratan depremler silsilesidir. *",tekkasimikendimaldim,18.06.2017 04:30,https://eksisozluk.com/entry/68911280
"deprem olduktan sonra kardesim ""medyahaber"" diye bir sacmaligin sitesinden screenshot gonderdi. cok yorucu bir gunun ardindan erken yatmistim ve mesaj sesine uyandim. bir baktim, ""izmir'de 9.9 siddetinde deprem"" yaziyor. o kafayla o buyuklukte deprem olsa mesaj falan gelmeyecegini dusunemesem de rakam beni asiri korkuttu ve ne yapacagimi bilemedim. 12-13 yildir ailemden uzak yasiyorum. yanlarina donme gibi bir niyetim de yok aslinda ama boyle anlar insani dusundurmuyor degil. gecen haftakini bizzat orda yasamis ve insanlarin hakli panigine sahit olmustum. hepinize gecmis olsun. not: ""oruc tutmayan gavur izmir'i allah salliyor"" diyenlerin girdigi hak ve gunahin bedelini oderlerken izledigimizde... her neyse.",la celestina,18.06.2017 04:36,https://eksisozluk.com/entry/68911350
"4:20 civarı uykumdan sallanarak uyandim, bir beş saniye kadar beşik gibi sallandigimi hissettim ve bitiminde araştırdım fakat bir sonuç bulamadim. yukaridaki bir entry ile zamanlamamiz ayni. ya ikimizin gerçek anlamda psikolojisi bozuldu yada ufaktan bir deprem yaşadık.",emrecigimm,18.06.2017 04:38,https://eksisozluk.com/entry/68911363
"son 4-5 yılda izmirde olan neredeyse tüm depremlerde aynı yerde aynı pozisyondaydım (oda - bilgisayar başı). monitör zaten ince, 1-2 sene önce fethiye açıklarında olan 6.0lık depremde bile sallanmıştı o kadar diyeyim. bu 6.0 ve 5.5lik depremde bilgisayar masası üstündeki kitaplar, şişeler vb. ile beraber hafif çatırtı sesiyle beraber sağlam sallandı (+15 yıllık masa). normalde sıkıntı olmaması lazım ama sorun şu ki bilgisayarın fanı biraz problemli ve ara sıra tıkırtı sesi çıkarıyor, o yüzden 12 hazirandan beri vücudumun adrenalin seviyesi sürekli yüksek, sürekli bir deprem mi oluyor durumu var anlayacağınız. stresli birisi de değilimdir, depremden de standart insan seviyesinde korkarım. millet dışarı çıktı ama ben ne yapıyorsam devam ettim 6.0lık depremde. izmirde büyük deprem olmaz inancından kaynaklı birazda ama şu tıkırtı olayı uyuz etmeye başladı. depremler bitene kadar idare etmeye çalışacağız gibi gözüküyor.",by curling,18.06.2017 04:41,https://eksisozluk.com/entry/68911383
izmir'de olup hissetmediğim depremdir. ulan nasıl hissetmedim hayret yahu. yer: eşrefpaşa.,yengecin intikami,18.06.2017 04:54,https://eksisozluk.com/entry/68911479
ne oluyor bu ege denizine kıçı başı ayrı oynuyor. her saat en az 4 kere yoklamaya and içmiş sanki,lord of the nick,18.06.2017 10:01,https://eksisozluk.com/entry/68912820
izmir türkiye'den ayrılmak istiyo sanırım ?? .s,mostgobi,18.06.2017 10:04,https://eksisozluk.com/entry/68912842
"ailesi 1971 gediz depremi mağduru olan bir kişi olarak, uzun süre çok korktum depremlerden. ama şimdi her deprem olduğunda aklıma aynı dörtlük geliyor ve kılımı bile kıpırdatmıyorum. (bkz: ölüm ) ölüm her aklına geldiğinde ah edip vah edip inleme bu halinle tanrı'yı incitmiş olacaksın ecel kapını çaldığında evi telaşa verme o geldiği zaman sen gitmiş olacaksın edit: 4'lük demişim ama bu bildiğin 5'lik.",atszns,18.06.2017 14:13 ~ 14:14,https://eksisozluk.com/entry/68915909
buranın halkı ege bölgesinde sık sık deprem olmasına alışkın lakin şimdi kandilli'nin sitesine baktım da 8 saat içerisinde 44 deprem olmuş. inanılmaz bir faaliyet var. gerçi parça parça olması toptan olmasından iyidir. tanım: midilli adası açıklarında olan deprem.,green2005,19.06.2017 08:31,https://eksisozluk.com/entry/68930839
"açık alanda olduğundan hiç hissetmediğim, lakin evde olanların gece dışarıda uyumayı düşündüğü hadise",adalar,19.06.2017 08:46,https://eksisozluk.com/entry/68930972
"haftasonu aile ziyaretine gitmişken yakalandım, hayatımda ilk kez bu kadar depremi hiseettim sanırım. teyzemin çocuklarına koşması annemin değerini bana hatırlattı, tek katkısı bu depremin budur.",bahti,19.06.2017 13:41,https://eksisozluk.com/entry/68935728
